name,os,os_version,manufacturer,model_id,serial_number,cpu_count,cpu_core_count,assigned_to,location,company,install_status
NSM-WS-001,Windows,11 Enterprise 23H2,Dell Inc.,Latitude 5550,NSMWS00001X,1,8,anna.bakker,Northstar Plant North,Northstar Manufacturing,Installed
NSM-WS-002,Windows,11 Enterprise 23H2,Dell Inc.,Latitude 5550,NSMWS00002X,1,8,bram.bos,Northstar Plant South,Northstar Manufacturing,Installed
NSM-WS-003,Windows,11 Enterprise 23H2,Dell Inc.,Latitude 5550,NSMWS00003X,1,8,carla.dewit,Northstar HQ,Northstar Manufacturing,Installed
NSM-WS-004,Windows,11 Enterprise 23H2,Dell Inc.,Latitude 5550,NSMWS00004X,1,8,daan.jacobs,Northstar Plant North,Northstar Manufacturing,Installed
NSM-WS-005,Windows,11 Enterprise 23H2,Dell Inc.,Latitude 5550,NSMWS00005X,1,8,eva.prins,Northstar Plant South,Northstar Manufacturing,Installed
NSM-WS-006,Windows,11 Enterprise 23H2,Dell Inc.,Latitude 5550,NSMWS00006X,1,8,finn.deboer,Northstar HQ,Northstar Manufacturing,Installed
NSM-WS-007,Windows,11 Enterprise 23H2,Dell Inc.,Latitude 5550,NSMWS00007X,1,8,greta.dekker,Northstar Plant North,Northstar Manufacturing,Installed
NSM-WS-008,Windows,11 Enterprise 23H2,Dell Inc.,Latitude 5550,NSMWS00008X,1,8,hugo.vanderlinden,Northstar Plant South,Northstar Manufacturing,Installed
NSM-WS-009,Windows,11 Enterprise 23H2,Dell Inc.,Latitude 5550,NSMWS00009X,1,8,iris.willems,Northstar HQ,Northstar Manufacturing,Installed
NSM-WS-010,Windows,11 Enterprise 23H2,Dell Inc.,Latitude 5550,NSMWS00010X,1,8,jonas.smit,Northstar Plant North,Northstar Manufacturing,Installed
NSM-WS-011,Windows,11 Enterprise 23H2,Dell Inc.,Latitude 5550,NSMWS00011X,1,8,kira.hendriks,Northstar Plant South,Northstar Manufacturing,Installed
NSM-WS-012,Windows,11 Enterprise 23H2,Dell Inc.,Latitude 5550,NSMWS00012X,1,8,lars.degraaf,Northstar HQ,Northstar Manufacturing,Installed
NSM-WS-013,Windows,11 Enterprise 23H2,Dell Inc.,Latitude 5550,NSMWS00013X,1,8,mila.vandenberg,Northstar Plant North,Northstar Manufacturing,Installed
NSM-WS-014,Windows,11 Enterprise 23H2,Dell Inc.,Latitude 5550,NSMWS00014X,1,8,noah.jansen,Northstar Plant South,Northstar Manufacturing,Installed
NSM-WS-015,Windows,11 Enterprise 23H2,Dell Inc.,Latitude 5550,NSMWS00015X,1,8,olga.vos,Northstar HQ,Northstar Manufacturing,Installed
NSM-WS-016,Windows,11 Enterprise 23H2,Dell Inc.,Latitude 5550,NSMWS00016X,1,8,pieter.dijkstra,Northstar Plant North,Northstar Manufacturing,Installed
NSM-WS-017,Windows,11 Enterprise 23H2,Dell Inc.,Latitude 5550,NSMWS00017X,1,8,quinn.dehaan,Northstar Plant South,Northstar Manufacturing,Installed
NSM-WS-018,Windows,11 Enterprise 23H2,Dell Inc.,Latitude 5550,NSMWS00018X,1,8,rosa.blom,Northstar HQ,Northstar Manufacturing,Installed
NSM-WS-019,Windows,11 Enterprise 23H2,Dell Inc.,Latitude 5550,NSMWS00019X,1,8,sven.mulder,Northstar Plant North,Northstar Manufacturing,Installed
NSM-WS-020,Windows,11 Enterprise 23H2,Dell Inc.,Latitude 5550,NSMWS00020X,1,8,tess.brouwer,Northstar Plant South,Northstar Manufacturing,Installed
NSM-WS-021,Windows,11 Enterprise 23H2,Dell Inc.,Latitude 5550,NSMWS00021X,1,8,umar.kok,Northstar HQ,Northstar Manufacturing,Installed
NSM-WS-022,Windows,11 Enterprise 23H2,Dell Inc.,Latitude 5550,NSMWS00022X,1,8,vera.koster,Northstar Plant North,Northstar Manufacturing,Installed
NSM-WS-023,Windows,11 Enterprise 23H2,Dell Inc.,Latitude 5550,NSMWS00023X,1,8,wout.meijer,Northstar Plant South,Northstar Manufacturing,Installed
NSM-WS-024,Windows,11 Enterprise 23H2,Dell Inc.,Latitude 5550,NSMWS00024X,1,8,xena.vandijk,Northstar HQ,Northstar Manufacturing,Installed
NSM-WS-025,Windows,11 Enterprise 23H2,Dell Inc.,Latitude 5550,NSMWS00025X,1,8,yara.vandermeer,Northstar Plant North,Northstar Manufacturing,Installed
NSM-WS-026,Windows,11 Enterprise 23H2,Dell Inc.,Latitude 5550,NSMWS00026X,1,8,zoe.vanleeuwen,Northstar Plant South,Northstar Manufacturing,Installed
NSM-WS-027,Windows,11 Enterprise 23H2,Dell Inc.,Latitude 5550,NSMWS00027X,1,8,aiden.visser,Northstar HQ,Northstar Manufacturing,Installed
NSM-WS-028,Windows,11 Enterprise 23H2,Dell Inc.,Latitude 5550,NSMWS00028X,1,8,bente.peters,Northstar Plant North,Northstar Manufacturing,Installed
NSM-WS-029,Windows,11 Enterprise 23H2,Dell Inc.,Latitude 5550,NSMWS00029X,1,8,cas.smits,Northstar Plant South,Northstar Manufacturing,Installed
NSM-WS-030,Windows,11 Enterprise 23H2,Dell Inc.,Latitude 5550,NSMWS00030X,1,8,dilan.vermeulen,Northstar HQ,Northstar Manufacturing,Installed
NSM-WS-031,Windows,11 Enterprise 23H2,Dell Inc.,Latitude 5550,NSMWS00031X,1,8,anna.jansen,Northstar Plant North,Northstar Manufacturing,Installed
NSM-WS-032,Windows,11 Enterprise 23H2,Dell Inc.,Latitude 5550,NSMWS00032X,1,8,bram.vos,Northstar Plant South,Northstar Manufacturing,Installed
NSM-WS-033,Windows,11 Enterprise 23H2,Dell Inc.,Latitude 5550,NSMWS00033X,1,8,carla.dijkstra,Northstar HQ,Northstar Manufacturing,Installed
NSM-WS-034,Windows,11 Enterprise 23H2,Dell Inc.,Latitude 5550,NSMWS00034X,1,8,daan.dehaan,Northstar Plant North,Northstar Manufacturing,Installed
NSM-WS-035,Windows,11 Enterprise 23H2,Dell Inc.,Latitude 5550,NSMWS00035X,1,8,eva.blom,Northstar Plant South,Northstar Manufacturing,Installed
NSM-WS-036,Windows,11 Enterprise 23H2,Dell Inc.,Latitude 5550,NSMWS00036X,1,8,finn.mulder,Northstar HQ,Northstar Manufacturing,Installed
NSM-WS-037,Windows,11 Enterprise 23H2,Dell Inc.,Latitude 5550,NSMWS00037X,1,8,greta.brouwer,Northstar Plant North,Northstar Manufacturing,Installed
NSM-WS-038,Windows,11 Enterprise 23H2,Dell Inc.,Latitude 5550,NSMWS00038X,1,8,hugo.kok,Northstar Plant South,Northstar Manufacturing,Installed
NSM-WS-039,Windows,11 Enterprise 23H2,Dell Inc.,Latitude 5550,NSMWS00039X,1,8,iris.koster,Northstar HQ,Northstar Manufacturing,Installed
NSM-WS-040,Windows,11 Enterprise 23H2,Dell Inc.,Latitude 5550,NSMWS00040X,1,8,jonas.meijer,Northstar Plant North,Northstar Manufacturing,Installed
NSM-WS-041,Windows,11 Enterprise 23H2,Dell Inc.,Latitude 5550,NSMWS00041X,1,8,kira.vandijk,Northstar Plant South,Northstar Manufacturing,Installed
NSM-WS-042,Windows,11 Enterprise 23H2,Dell Inc.,Latitude 5550,NSMWS00042X,1,8,lars.vandermeer,Northstar HQ,Northstar Manufacturing,Installed
NSM-WS-043,Windows,11 Enterprise 23H2,Dell Inc.,Latitude 5550,NSMWS00043X,1,8,mila.vanleeuwen,Northstar Plant North,Northstar Manufacturing,Installed
NSM-WS-044,Windows,11 Enterprise 23H2,Dell Inc.,Latitude 5550,NSMWS00044X,1,8,noah.visser,Northstar Plant South,Northstar Manufacturing,Installed
NSM-WS-045,Windows,11 Enterprise 23H2,Dell Inc.,Latitude 5550,NSMWS00045X,1,8,olga.peters,Northstar HQ,Northstar Manufacturing,Installed
