entitlement,allocated_to_type,allocated_to,quantity,scenario
Adobe Acrobat Pro named user subscription,user,anna.bakker,1,A
Adobe Acrobat Pro named user subscription,user,bram.bos,1,A
Adobe Acrobat Pro named user subscription,user,carla.dewit,1,A
Adobe Acrobat Pro named user subscription,user,daan.jacobs,1,A
Adobe Acrobat Pro named user subscription,user,eva.prins,1,A
Adobe Acrobat Pro named user subscription,user,finn.deboer,1,A
Adobe Acrobat Pro named user subscription,user,greta.dekker,1,A
Adobe Acrobat Pro named user subscription,user,hugo.vanderlinden,1,A
Adobe Acrobat Pro named user subscription,user,iris.willems,1,A
Adobe Acrobat Pro named user subscription,user,jonas.smit,1,A
Adobe Acrobat Pro named user subscription,user,kira.hendriks,1,A
Adobe Acrobat Pro named user subscription,user,lars.degraaf,1,A
Adobe Acrobat Pro named user subscription,user,mila.vandenberg,1,A
Adobe Acrobat Pro named user subscription,user,noah.jansen,1,A
Adobe Acrobat Pro named user subscription,user,olga.vos,1,A
Adobe Acrobat Pro named user subscription,user,pieter.dijkstra,1,A
Adobe Acrobat Pro named user subscription,user,quinn.dehaan,1,A
Adobe Acrobat Pro named user subscription,user,rosa.blom,1,A
Adobe Acrobat Pro named user subscription,user,sven.mulder,1,A
Adobe Acrobat Pro named user subscription,user,tess.brouwer,1,A
Adobe Acrobat Pro named user subscription,user,umar.kok,1,A
Adobe Acrobat Pro named user subscription,user,vera.koster,1,A
Adobe Acrobat Pro named user subscription,user,wout.meijer,1,A
Adobe Acrobat Pro named user subscription,user,xena.vandijk,1,A
Adobe Acrobat Pro named user subscription,user,yara.vandermeer,1,A
Adobe Acrobat Pro named user subscription,user,zoe.vanleeuwen,1,A
Adobe Acrobat Pro named user subscription,user,aiden.visser,1,A
Adobe Acrobat Pro named user subscription,user,bente.peters,1,A
Adobe Acrobat Pro named user subscription,user,cas.smits,1,A
Adobe Acrobat Pro named user subscription,user,dilan.vermeulen,1,A
Adobe Acrobat Pro named user subscription,user,anna.jansen,1,A
Adobe Acrobat Pro named user subscription,user,bram.vos,1,A
Adobe Acrobat Pro named user subscription,user,carla.dijkstra,1,A
Adobe Acrobat Pro named user subscription,user,daan.dehaan,1,A
Adobe Acrobat Pro named user subscription,user,eva.blom,1,A
Adobe Acrobat Pro named user subscription,user,finn.mulder,1,A
Adobe Acrobat Pro named user subscription,user,greta.brouwer,1,A
Adobe Acrobat Pro named user subscription,user,hugo.kok,1,A
Adobe Acrobat Pro named user subscription,user,iris.koster,1,A
Adobe Acrobat Pro named user subscription,user,jonas.meijer,1,A
