ci,user,publisher,product,version,last_used,total_usage_minutes,scenario
NSM-WS-001,anna.bakker,Adobe,Acrobat,2024,2026-09-22,522,A
NSM-WS-002,bram.bos,Adobe,Acrobat,2024,2026-09-17,366,A
NSM-WS-003,carla.dewit,Adobe,Acrobat,2024,2026-09-24,2095,A
NSM-WS-004,daan.jacobs,Adobe,Acrobat,2024,2026-09-15,2150,A
NSM-WS-005,eva.prins,Adobe,Acrobat,2024,2026-09-16,3305,A
NSM-WS-006,finn.deboer,Adobe,Acrobat,2024,2026-09-13,1212,A
NSM-WS-007,greta.dekker,Adobe,Acrobat,2024,2026-09-29,1084,A
NSM-WS-008,hugo.vanderlinden,Adobe,Acrobat,2024,2026-09-25,510,A
NSM-WS-009,iris.willems,Adobe,Acrobat,2024,2026-09-21,3409,A
NSM-WS-010,jonas.smit,Adobe,Acrobat,2024,2026-09-17,770,A
NSM-WS-011,kira.hendriks,Adobe,Acrobat,2024,2026-09-21,2623,A
NSM-WS-012,lars.degraaf,Adobe,Acrobat,2024,2026-09-29,906,A
NSM-WS-013,mila.vandenberg,Adobe,Acrobat,2024,2026-09-11,2210,A
NSM-WS-014,noah.jansen,Adobe,Acrobat,2024,2026-09-15,1824,A
NSM-WS-015,olga.vos,Adobe,Acrobat,2024,2026-09-23,2499,A
NSM-WS-016,pieter.dijkstra,Adobe,Acrobat,2024,2026-09-14,897,A
NSM-WS-017,quinn.dehaan,Adobe,Acrobat,2024,2026-09-20,2121,A
NSM-WS-018,rosa.blom,Adobe,Acrobat,2024,2026-09-17,3434,A
NSM-WS-019,sven.mulder,Adobe,Acrobat,2024,2026-09-24,2527,A
NSM-WS-020,tess.brouwer,Adobe,Acrobat,2024,2026-09-15,3409,A
NSM-WS-021,umar.kok,Adobe,Acrobat,2024,2026-09-17,840,A
NSM-WS-022,vera.koster,Adobe,Acrobat,2024,2026-09-24,3693,A
NSM-WS-023,wout.meijer,Adobe,Acrobat,2024,2026-09-16,3576,A
NSM-WS-024,xena.vandijk,Adobe,Acrobat,2024,2026-09-22,1198,A
NSM-WS-025,yara.vandermeer,Adobe,Acrobat,2024,2026-09-25,2412,A
NSM-WS-026,zoe.vanleeuwen,Adobe,Acrobat,2024,2026-09-20,2746,A
NSM-WS-027,aiden.visser,Adobe,Acrobat,2024,2026-09-14,3624,A
NSM-WS-028,bente.peters,Adobe,Acrobat,2024,2026-09-25,2508,A
NSM-WS-029,cas.smits,Adobe,Acrobat,2024,2026-09-23,962,A
NSM-WS-030,dilan.vermeulen,Adobe,Acrobat,2024,2026-09-17,2243,A
NSM-WS-031,anna.jansen,Adobe,Acrobat,2024,2026-09-26,3014,A
NSM-WS-032,bram.vos,Adobe,Acrobat,2024,2026-09-12,874,A
NSM-WS-033,carla.dijkstra,Adobe,Acrobat,2024,2026-09-21,3630,A
NSM-WS-034,daan.dehaan,Adobe,Acrobat,2024,2026-09-23,3533,A
NSM-WS-035,eva.blom,Adobe,Acrobat,2024,2026-09-11,2757,A
NSM-WS-036,finn.mulder,Adobe,Acrobat,2024,2026-09-24,367,A
NSM-WS-037,greta.brouwer,Adobe,Acrobat,2024,2026-09-19,483,A
NSM-WS-038,hugo.kok,Adobe,Acrobat,2024,2026-09-25,3178,A
NSM-WS-039,iris.koster,Adobe,Acrobat,2024,2026-09-14,912,A
NSM-WS-040,jonas.meijer,Adobe,Acrobat,2024,2026-09-27,3696,A
NSM-WS-001,anna.bakker,Microsoft,Visio,2021,2026-09-04,1997,C
NSM-WS-002,bram.bos,Microsoft,Visio,2021,2026-09-15,2182,C
NSM-WS-003,carla.dewit,Microsoft,Visio,2021,2026-09-21,1982,C
NSM-WS-004,daan.jacobs,Microsoft,Visio,2021,2026-09-22,2329,C
NSM-WS-005,eva.prins,Microsoft,Visio,2021,2026-09-19,925,C
NSM-WS-006,finn.deboer,Microsoft,Visio,2021,2026-09-11,1095,C
NSM-WS-007,greta.dekker,Microsoft,Visio,2021,2026-10-01,1434,C
NSM-WS-008,hugo.vanderlinden,Microsoft,Visio,2021,2026-09-06,1946,C
NSM-WS-009,iris.willems,Microsoft,Visio,2021,2026-09-28,1801,C
NSM-WS-010,jonas.smit,Microsoft,Visio,2021,2026-09-16,682,C
NSM-WS-011,kira.hendriks,Microsoft,Visio,2021,2026-09-06,1459,C
NSM-WS-012,lars.degraaf,Microsoft,Visio,2021,2026-09-13,627,C
NSM-WS-013,mila.vandenberg,Microsoft,Visio,2021,2026-09-20,1188,C
NSM-WS-014,noah.jansen,Microsoft,Visio,2021,2026-09-26,200,C
NSM-WS-015,olga.vos,Microsoft,Visio,2021,2026-09-12,724,C
NSM-WS-016,pieter.dijkstra,Microsoft,Visio,2021,2026-09-13,752,C
NSM-WS-017,quinn.dehaan,Microsoft,Visio,2021,2026-09-23,1903,C
NSM-WS-018,rosa.blom,Microsoft,Visio,2021,2026-09-26,454,C
NSM-WS-019,sven.mulder,Microsoft,Visio,2021,2026-09-08,2054,C
NSM-WS-020,tess.brouwer,Microsoft,Visio,2021,2026-09-28,645,C
NSM-WS-021,umar.kok,Microsoft,Visio,2021,2026-09-10,1501,C
NSM-WS-022,vera.koster,Microsoft,Visio,2021,2026-09-23,1837,C
NSM-WS-023,wout.meijer,Microsoft,Visio,2021,2026-09-02,2179,C
NSM-WS-024,xena.vandijk,Microsoft,Visio,2021,2026-09-27,1241,C
NSM-WS-025,yara.vandermeer,Microsoft,Visio,2021,2026-09-03,175,C
NSM-WS-026,zoe.vanleeuwen,Microsoft,Visio,2021,2026-09-27,708,C
NSM-WS-027,aiden.visser,Microsoft,Visio,2021,2026-09-01,1320,C
NSM-WS-028,bente.peters,Microsoft,Visio,2021,2026-09-26,132,C
NSM-WS-029,cas.smits,Microsoft,Visio,2021,2026-09-12,842,C
NSM-WS-030,dilan.vermeulen,Microsoft,Visio,2021,2026-09-13,717,C
NSM-WS-031,anna.jansen,Microsoft,Visio,2021,2026-09-12,177,C
NSM-WS-032,bram.vos,Microsoft,Visio,2021,2026-09-30,1904,C
NSM-WS-033,carla.dijkstra,Microsoft,Visio,2021,2026-09-12,1116,C
NSM-WS-034,daan.dehaan,Microsoft,Visio,2021,2026-09-13,1388,C
NSM-WS-035,eva.blom,Microsoft,Visio,2021,2026-09-15,1007,C
NSM-WS-010,jonas.smit,Microsoft,Project,2021,2026-09-30,1716,D
NSM-WS-011,kira.hendriks,Microsoft,Project,2021,2026-09-16,400,D
NSM-WS-012,lars.degraaf,Microsoft,Project,2021,2026-09-14,297,D
NSM-WS-013,mila.vandenberg,Microsoft,Project,2021,2026-09-26,1888,D
NSM-WS-014,noah.jansen,Microsoft,Project,2021,2026-09-19,2859,D
NSM-WS-015,olga.vos,Microsoft,Project,2021,2026-09-22,1633,D
NSM-WS-016,pieter.dijkstra,Microsoft,Project,2021,2026-09-17,1428,D
NSM-WS-017,quinn.dehaan,Microsoft,Project,2021,2026-09-28,2493,D
NSM-WS-018,rosa.blom,Microsoft,Project,2021,2026-09-08,1844,D
NSM-WS-019,sven.mulder,Microsoft,Project,2021,2026-09-21,1771,D
NSM-WS-020,tess.brouwer,Microsoft,Project,2021,2026-09-09,527,D
NSM-WS-021,umar.kok,Microsoft,Project,2021,2026-09-10,1424,D
NSM-WS-022,vera.koster,Microsoft,Project,2021,2026-09-16,613,D
NSM-WS-023,wout.meijer,Microsoft,Project,2021,2026-09-12,1070,D
NSM-WS-024,xena.vandijk,Microsoft,Project,2021,2026-09-13,2591,D
NSM-WS-025,yara.vandermeer,Microsoft,Project,2021,2026-09-27,2485,D
NSM-WS-026,zoe.vanleeuwen,Microsoft,Project,2021,2026-01-30,10,D
NSM-WS-027,aiden.visser,Microsoft,Project,2021,2026-05-23,14,D
NSM-WS-028,bente.peters,Microsoft,Project,2021,2026-06-10,9,D
NSM-WS-029,cas.smits,Microsoft,Project,2021,2026-04-09,5,D
NSM-WS-030,dilan.vermeulen,Microsoft,Project,2021,2026-04-01,12,D
NSM-WS-031,anna.jansen,Microsoft,Project,2021,2026-04-04,9,D
NSM-WS-032,bram.vos,Microsoft,Project,2021,2026-02-20,4,D
NSM-WS-033,carla.dijkstra,Microsoft,Project,2021,2026-05-27,1,D
NSM-WS-034,daan.dehaan,Microsoft,Project,2021,2026-03-28,7,D
NSM-WS-035,eva.blom,Microsoft,Project,2021,2026-05-18,6,D
NSM-WS-036,finn.mulder,Microsoft,Project,2021,2026-03-27,6,D
NSM-WS-037,greta.brouwer,Microsoft,Project,2021,2026-02-09,11,D
