device_name,discovered_publisher,discovered_product,discovered_version,publisher,product,version,edition,install_date,last_used,scenario
NSM-WS-001,Adobe,Adobe Acrobat (64-bit),24.2.20857,Adobe,Acrobat,2024,Pro,2025-11-06,2026-09-22,A
NSM-WS-002,Adobe,Adobe Acrobat (64-bit),24.2.20857,Adobe,Acrobat,2024,Pro,2026-07-06,2026-09-16,A
NSM-WS-003,Adobe,Adobe Acrobat (64-bit),24.2.20857,Adobe,Acrobat,2024,Pro,2025-12-18,2026-10-01,A
NSM-WS-004,Adobe,Adobe Acrobat (64-bit),24.2.20857,Adobe,Acrobat,2024,Pro,2025-10-17,2026-09-24,A
NSM-WS-005,Adobe,Adobe Acrobat (64-bit),24.2.20857,Adobe,Acrobat,2024,Pro,2025-12-21,2026-09-13,A
NSM-WS-006,Adobe,Adobe Acrobat (64-bit),24.2.20857,Adobe,Acrobat,2024,Pro,2025-11-06,2026-09-17,A
NSM-WS-007,Adobe,Adobe Acrobat (64-bit),24.2.20857,Adobe,Acrobat,2024,Pro,2026-05-26,2026-09-16,A
NSM-WS-008,Adobe,Adobe Acrobat (64-bit),24.2.20857,Adobe,Acrobat,2024,Pro,2026-03-18,2026-09-13,A
NSM-WS-009,Adobe,Adobe Acrobat (64-bit),24.2.20857,Adobe,Acrobat,2024,Pro,2026-04-10,2026-09-24,A
NSM-WS-010,Adobe,Adobe Acrobat (64-bit),24.2.20857,Adobe,Acrobat,2024,Pro,2026-06-16,2026-09-25,A
NSM-WS-011,Adobe,Adobe Acrobat (64-bit),24.2.20857,Adobe,Acrobat,2024,Pro,2026-04-22,2026-09-25,A
NSM-WS-012,Adobe,Adobe Acrobat (64-bit),24.2.20857,Adobe,Acrobat,2024,Pro,2026-07-07,2026-09-13,A
NSM-WS-013,Adobe,Adobe Acrobat (64-bit),24.2.20857,Adobe,Acrobat,2024,Pro,2026-02-14,2026-09-25,A
NSM-WS-014,Adobe,Adobe Acrobat (64-bit),24.2.20857,Adobe,Acrobat,2024,Pro,2025-12-21,2026-09-28,A
NSM-WS-015,Adobe,Adobe Acrobat (64-bit),24.2.20857,Adobe,Acrobat,2024,Pro,2026-01-25,2026-09-21,A
NSM-WS-016,Adobe,Adobe Acrobat (64-bit),24.2.20857,Adobe,Acrobat,2024,Pro,2025-10-16,2026-09-11,A
NSM-WS-017,Adobe,Adobe Acrobat (64-bit),24.2.20857,Adobe,Acrobat,2024,Pro,2026-06-22,2026-09-27,A
NSM-WS-018,Adobe,Adobe Acrobat (64-bit),24.2.20857,Adobe,Acrobat,2024,Pro,2025-12-16,2026-09-11,A
NSM-WS-019,Adobe,Adobe Acrobat (64-bit),24.2.20857,Adobe,Acrobat,2024,Pro,2025-12-07,2026-09-16,A
NSM-WS-020,Adobe,Adobe Acrobat (64-bit),24.2.20857,Adobe,Acrobat,2024,Pro,2025-11-09,2026-09-20,A
NSM-WS-021,Adobe,Adobe Acrobat (64-bit),24.2.20857,Adobe,Acrobat,2024,Pro,2025-11-20,2026-09-23,A
NSM-WS-022,Adobe,Adobe Acrobat (64-bit),24.2.20857,Adobe,Acrobat,2024,Pro,2025-11-01,2026-09-14,A
NSM-WS-023,Adobe,Adobe Acrobat (64-bit),24.2.20857,Adobe,Acrobat,2024,Pro,2026-05-20,2026-09-25,A
NSM-WS-024,Adobe,Adobe Acrobat (64-bit),24.2.20857,Adobe,Acrobat,2024,Pro,2026-01-29,2026-09-17,A
NSM-WS-025,Adobe,Adobe Acrobat (64-bit),24.2.20857,Adobe,Acrobat,2024,Pro,2026-07-09,2026-09-17,A
NSM-WS-026,Adobe,Adobe Acrobat (64-bit),24.2.20857,Adobe,Acrobat,2024,Pro,2026-04-09,2026-09-24,A
NSM-WS-027,Adobe,Adobe Acrobat (64-bit),24.2.20857,Adobe,Acrobat,2024,Pro,2025-10-28,2026-09-30,A
NSM-WS-028,Adobe,Adobe Acrobat (64-bit),24.2.20857,Adobe,Acrobat,2024,Pro,2025-11-14,2026-09-19,A
NSM-WS-029,Adobe,Adobe Acrobat (64-bit),24.2.20857,Adobe,Acrobat,2024,Pro,2025-12-16,2026-09-27,A
NSM-WS-030,Adobe,Adobe Acrobat (64-bit),24.2.20857,Adobe,Acrobat,2024,Pro,2026-06-28,2026-09-24,A
NSM-WS-031,Adobe,Adobe Acrobat (64-bit),24.2.20857,Adobe,Acrobat,2024,Pro,2026-05-01,2026-09-16,A
NSM-WS-032,Adobe,Adobe Acrobat (64-bit),24.2.20857,Adobe,Acrobat,2024,Pro,2025-10-24,2026-09-22,A
NSM-WS-033,Adobe,Adobe Acrobat (64-bit),24.2.20857,Adobe,Acrobat,2024,Pro,2026-04-12,2026-09-26,A
NSM-WS-034,Adobe,Adobe Acrobat (64-bit),24.2.20857,Adobe,Acrobat,2024,Pro,2026-04-24,2026-09-15,A
NSM-WS-035,Adobe,Adobe Acrobat (64-bit),24.2.20857,Adobe,Acrobat,2024,Pro,2026-02-03,2026-09-20,A
NSM-WS-036,Adobe,Adobe Acrobat (64-bit),24.2.20857,Adobe,Acrobat,2024,Pro,2025-10-01,2026-09-11,A
NSM-WS-037,Adobe,Adobe Acrobat (64-bit),24.2.20857,Adobe,Acrobat,2024,Pro,2025-10-27,2026-09-14,A
NSM-WS-038,Adobe,Adobe Acrobat (64-bit),24.2.20857,Adobe,Acrobat,2024,Pro,2026-04-19,2026-09-14,A
NSM-WS-039,Adobe,Adobe Acrobat (64-bit),24.2.20857,Adobe,Acrobat,2024,Pro,2026-05-15,2026-09-23,A
NSM-WS-040,Adobe,Adobe Acrobat (64-bit),24.2.20857,Adobe,Acrobat,2024,Pro,2026-05-12,2026-09-28,A
NSM-WS-001,Microsoft,Microsoft Visio Professional 2021,16.0.14332.20637,Microsoft,Visio,2021,Professional,2025-12-12,2026-09-16,C
NSM-WS-002,Microsoft,Microsoft Visio Professional 2021,16.0.14332.20637,Microsoft,Visio,2021,Professional,2026-05-01,2026-09-07,C
NSM-WS-003,Microsoft,Microsoft Visio Professional 2021,16.0.14332.20637,Microsoft,Visio,2021,Professional,2026-05-01,2026-09-01,C
NSM-WS-004,Microsoft,Microsoft Visio Professional 2021,16.0.14332.20637,Microsoft,Visio,2021,Professional,2025-08-28,2026-09-26,C
NSM-WS-005,Microsoft,Microsoft Visio Professional 2021,16.0.14332.20637,Microsoft,Visio,2021,Professional,2025-09-28,2026-09-27,C
NSM-WS-006,Microsoft,Microsoft Visio Professional 2021,16.0.14332.20637,Microsoft,Visio,2021,Professional,2025-11-02,2026-09-02,C
NSM-WS-007,Microsoft,Microsoft Visio Professional 2021,16.0.14332.20637,Microsoft,Visio,2021,Professional,2026-02-18,2026-09-02,C
NSM-WS-008,Microsoft,Microsoft Visio Professional 2021,16.0.14332.20637,Microsoft,Visio,2021,Professional,2026-01-09,2026-09-23,C
NSM-WS-009,Microsoft,Microsoft Visio Professional 2021,16.0.14332.20637,Microsoft,Visio,2021,Professional,2026-07-15,2026-09-11,C
NSM-WS-010,Microsoft,Microsoft Visio Professional 2021,16.0.14332.20637,Microsoft,Visio,2021,Professional,2025-09-29,2026-09-01,C
NSM-WS-011,Microsoft,Microsoft Visio Professional 2021,16.0.14332.20637,Microsoft,Visio,2021,Professional,2026-04-11,2026-09-24,C
NSM-WS-012,Microsoft,Microsoft Visio Professional 2021,16.0.14332.20637,Microsoft,Visio,2021,Professional,2026-07-25,2026-09-03,C
NSM-WS-013,Microsoft,Microsoft Visio Professional 2021,16.0.14332.20637,Microsoft,Visio,2021,Professional,2025-09-20,2026-09-19,C
NSM-WS-014,Microsoft,Microsoft Visio Professional 2021,16.0.14332.20637,Microsoft,Visio,2021,Professional,2026-07-11,2026-09-11,C
NSM-WS-015,Microsoft,Microsoft Visio Professional 2021,16.0.14332.20637,Microsoft,Visio,2021,Professional,2026-04-14,2026-09-09,C
NSM-WS-016,Microsoft,Microsoft Visio Professional 2021,16.0.14332.20637,Microsoft,Visio,2021,Professional,2025-10-09,2026-09-14,C
NSM-WS-017,Microsoft,Microsoft Visio Professional 2021,16.0.14332.20637,Microsoft,Visio,2021,Professional,2026-05-18,2026-09-04,C
NSM-WS-018,Microsoft,Microsoft Visio Professional 2021,16.0.14332.20637,Microsoft,Visio,2021,Professional,2025-11-30,2026-09-01,C
NSM-WS-019,Microsoft,Microsoft Visio Professional 2021,16.0.14332.20637,Microsoft,Visio,2021,Professional,2026-05-17,2026-09-05,C
NSM-WS-020,Microsoft,Microsoft Visio Professional 2021,16.0.14332.20637,Microsoft,Visio,2021,Professional,2025-10-29,2026-09-04,C
NSM-WS-021,Microsoft,Microsoft Visio Professional 2021,16.0.14332.20637,Microsoft,Visio,2021,Professional,2025-12-08,2026-09-28,C
NSM-WS-022,Microsoft,Microsoft Visio Professional 2021,16.0.14332.20637,Microsoft,Visio,2021,Professional,2025-11-16,2026-09-15,C
NSM-WS-023,Microsoft,Microsoft Visio Professional 2021,16.0.14332.20637,Microsoft,Visio,2021,Professional,2026-02-12,2026-09-21,C
NSM-WS-024,Microsoft,Microsoft Visio Professional 2021,16.0.14332.20637,Microsoft,Visio,2021,Professional,2025-12-10,2026-09-22,C
NSM-WS-025,Microsoft,Microsoft Visio Professional 2021,16.0.14332.20637,Microsoft,Visio,2021,Professional,2026-03-06,2026-09-14,C
NSM-WS-026,Microsoft,Microsoft Visio Professional 2021,16.0.14332.20637,Microsoft,Visio,2021,Professional,2025-09-14,2026-09-19,C
NSM-WS-027,Microsoft,Microsoft Visio Professional 2021,16.0.14332.20637,Microsoft,Visio,2021,Professional,2026-04-21,2026-09-20,C
NSM-WS-028,Microsoft,Microsoft Visio Professional 2021,16.0.14332.20637,Microsoft,Visio,2021,Professional,2025-09-09,2026-09-06,C
NSM-WS-029,Microsoft,Microsoft Visio Professional 2021,16.0.14332.20637,Microsoft,Visio,2021,Professional,2026-03-31,2026-09-21,C
NSM-WS-030,Microsoft,Microsoft Visio Professional 2021,16.0.14332.20637,Microsoft,Visio,2021,Professional,2026-07-30,2026-09-08,C
NSM-WS-031,Microsoft,Microsoft Visio Professional 2021,16.0.14332.20637,Microsoft,Visio,2021,Professional,2026-02-17,2026-09-03,C
NSM-WS-032,Microsoft,Microsoft Visio Professional 2021,16.0.14332.20637,Microsoft,Visio,2021,Professional,2026-04-23,2026-09-06,C
NSM-WS-033,Microsoft,Microsoft Visio Professional 2021,16.0.14332.20637,Microsoft,Visio,2021,Professional,2025-12-15,2026-09-07,C
NSM-WS-034,Microsoft,Microsoft Visio Professional 2021,16.0.14332.20637,Microsoft,Visio,2021,Professional,2025-09-14,2026-09-28,C
NSM-WS-035,Microsoft,Microsoft Visio Professional 2021,16.0.14332.20637,Microsoft,Visio,2021,Professional,2025-09-15,2026-09-07,C
NSM-WS-010,Microsoft,Microsoft Project Professional 2021,16.0.14332.20637,Microsoft,Project,2021,Professional,2025-11-03,2026-09-13,D
NSM-WS-011,Microsoft,Microsoft Project Professional 2021,16.0.14332.20637,Microsoft,Project,2021,Professional,2025-09-23,2026-09-27,D
NSM-WS-012,Microsoft,Microsoft Project Professional 2021,16.0.14332.20637,Microsoft,Project,2021,Professional,2025-09-04,2026-09-06,D
NSM-WS-013,Microsoft,Microsoft Project Professional 2021,16.0.14332.20637,Microsoft,Project,2021,Professional,2025-12-16,2026-09-20,D
NSM-WS-014,Microsoft,Microsoft Project Professional 2021,16.0.14332.20637,Microsoft,Project,2021,Professional,2026-03-30,2026-09-27,D
NSM-WS-015,Microsoft,Microsoft Project Professional 2021,16.0.14332.20637,Microsoft,Project,2021,Professional,2025-12-04,2026-09-23,D
NSM-WS-016,Microsoft,Microsoft Project Professional 2021,16.0.14332.20637,Microsoft,Project,2021,Professional,2026-03-14,2026-09-07,D
NSM-WS-017,Microsoft,Microsoft Project Professional 2021,16.0.14332.20637,Microsoft,Project,2021,Professional,2026-05-22,2026-09-19,D
NSM-WS-018,Microsoft,Microsoft Project Professional 2021,16.0.14332.20637,Microsoft,Project,2021,Professional,2026-03-17,2026-09-28,D
NSM-WS-019,Microsoft,Microsoft Project Professional 2021,16.0.14332.20637,Microsoft,Project,2021,Professional,2026-03-14,2026-09-20,D
NSM-WS-020,Microsoft,Microsoft Project Professional 2021,16.0.14332.20637,Microsoft,Project,2021,Professional,2026-01-25,2026-09-17,D
NSM-WS-021,Microsoft,Microsoft Project Professional 2021,16.0.14332.20637,Microsoft,Project,2021,Professional,2026-02-13,2026-09-26,D
NSM-WS-022,Microsoft,Microsoft Project Professional 2021,16.0.14332.20637,Microsoft,Project,2021,Professional,2026-04-20,2026-09-12,D
NSM-WS-023,Microsoft,Microsoft Project Professional 2021,16.0.14332.20637,Microsoft,Project,2021,Professional,2025-10-02,2026-09-11,D
NSM-WS-024,Microsoft,Microsoft Project Professional 2021,16.0.14332.20637,Microsoft,Project,2021,Professional,2026-04-11,2026-09-10,D
NSM-WS-025,Microsoft,Microsoft Project Professional 2021,16.0.14332.20637,Microsoft,Project,2021,Professional,2026-03-27,2026-09-26,D
NSM-WS-026,Microsoft,Microsoft Project Professional 2021,16.0.14332.20637,Microsoft,Project,2021,Professional,2025-12-10,2026-01-17,D
NSM-WS-027,Microsoft,Microsoft Project Professional 2021,16.0.14332.20637,Microsoft,Project,2021,Professional,2026-01-25,2026-03-12,D
NSM-WS-028,Microsoft,Microsoft Project Professional 2021,16.0.14332.20637,Microsoft,Project,2021,Professional,2026-06-02,2026-02-19,D
NSM-WS-029,Microsoft,Microsoft Project Professional 2021,16.0.14332.20637,Microsoft,Project,2021,Professional,2025-12-26,2026-05-23,D
NSM-WS-030,Microsoft,Microsoft Project Professional 2021,16.0.14332.20637,Microsoft,Project,2021,Professional,2026-01-12,2025-12-06,D
NSM-WS-031,Microsoft,Microsoft Project Professional 2021,16.0.14332.20637,Microsoft,Project,2021,Professional,2025-11-10,2025-12-30,D
NSM-WS-032,Microsoft,Microsoft Project Professional 2021,16.0.14332.20637,Microsoft,Project,2021,Professional,2026-05-25,2026-01-06,D
NSM-WS-033,Microsoft,Microsoft Project Professional 2021,16.0.14332.20637,Microsoft,Project,2021,Professional,2026-02-27,2026-05-25,D
NSM-WS-034,Microsoft,Microsoft Project Professional 2021,16.0.14332.20637,Microsoft,Project,2021,Professional,2026-03-19,2026-04-20,D
NSM-WS-035,Microsoft,Microsoft Project Professional 2021,16.0.14332.20637,Microsoft,Project,2021,Professional,2026-01-02,2026-01-05,D
NSM-WS-036,Microsoft,Microsoft Project Professional 2021,16.0.14332.20637,Microsoft,Project,2021,Professional,2025-10-20,2026-05-17,D
NSM-WS-037,Microsoft,Microsoft Project Professional 2021,16.0.14332.20637,Microsoft,Project,2021,Professional,2026-05-30,2026-03-07,D
NSM-SQL-01,Microsoft,Microsoft SQL Server 2022 Standard Edition,16.0.4135.4,Microsoft,SQL Server,2022,Standard,2025-05-07,2026-09-30,B
NSM-SQL-02,Microsoft,Microsoft SQL Server 2022 Standard Edition,16.0.4135.4,Microsoft,SQL Server,2022,Standard,2026-01-25,2026-09-30,B
NSM-SQL-03,Microsoft,Microsoft SQL Server 2022 Standard Edition,16.0.4135.4,Microsoft,SQL Server,2022,Standard,2026-01-18,2026-10-01,B
NSM-WIN-01,Microsoft,Microsoft Windows Server 2022 Standard,10.0.20348,Microsoft,Windows Server,2022,Standard,2025-12-13,2026-10-01,E
NSM-WIN-02,Microsoft,Microsoft Windows Server 2022 Standard,10.0.20348,Microsoft,Windows Server,2022,Standard,2026-02-16,2026-10-01,E
NSM-WIN-03,Microsoft,Microsoft Windows Server 2022 Standard,10.0.20348,Microsoft,Windows Server,2022,Standard,2025-08-02,2026-10-01,E
NSM-WIN-04,Microsoft,Microsoft Windows Server 2022 Standard,10.0.20348,Microsoft,Windows Server,2022,Standard,2025-08-19,2026-10-01,E
NSM-SQL-01,Microsoft,Microsoft Windows Server 2022 Standard,10.0.20348,Microsoft,Windows Server,2022,Standard,2025-05-10,2026-10-01,E
NSM-SQL-02,Microsoft,Microsoft Windows Server 2022 Standard,10.0.20348,Microsoft,Windows Server,2022,Standard,2025-04-22,2026-10-01,E
NSM-SQL-03,Microsoft,Microsoft Windows Server 2022 Standard,10.0.20348,Microsoft,Windows Server,2022,Standard,2025-04-25,2026-10-01,E
NSM-WS-001,Google,Google Chrome,130.0.6723.117,Google,Chrome,130.0.6723.117,,2026-04-27,2026-09-21,noise
NSM-WS-001,Igor Pavlov,7-Zip 24.08 (x64),24.08,Igor Pavlov,7-Zip,24.08,,2026-03-24,2026-09-21,noise
NSM-WS-001,Notepad++ Team,Notepad++ (64-bit x64),8.7.1,Notepad++ Team,Notepad++,8.7.1,,2025-12-13,2026-09-23,noise
NSM-WS-002,Google,Google Chrome,130.0.6723.117,Google,Chrome,130.0.6723.117,,2026-05-11,2026-09-28,noise
NSM-WS-002,Igor Pavlov,7-Zip 24.08 (x64),24.08,Igor Pavlov,7-Zip,24.08,,2026-08-06,2026-09-26,noise
NSM-WS-002,Notepad++ Team,Notepad++ (64-bit x64),8.7.1,Notepad++ Team,Notepad++,8.7.1,,2026-07-09,2026-09-24,noise
NSM-WS-003,Google,Google Chrome,130.0.6723.117,Google,Chrome,130.0.6723.117,,2026-08-07,2026-09-29,noise
NSM-WS-003,Igor Pavlov,7-Zip 24.08 (x64),24.08,Igor Pavlov,7-Zip,24.08,,2026-08-20,2026-09-26,noise
NSM-WS-003,Notepad++ Team,Notepad++ (64-bit x64),8.7.1,Notepad++ Team,Notepad++,8.7.1,,2026-05-31,2026-09-25,noise
NSM-WS-004,Google,Google Chrome,130.0.6723.117,Google,Chrome,130.0.6723.117,,2026-01-16,2026-09-25,noise
NSM-WS-004,Igor Pavlov,7-Zip 24.08 (x64),24.08,Igor Pavlov,7-Zip,24.08,,2026-05-18,2026-09-27,noise
NSM-WS-004,Notepad++ Team,Notepad++ (64-bit x64),8.7.1,Notepad++ Team,Notepad++,8.7.1,,2026-03-06,2026-09-24,noise
NSM-WS-005,Google,Google Chrome,130.0.6723.117,Google,Chrome,130.0.6723.117,,2026-01-15,2026-09-27,noise
NSM-WS-005,Igor Pavlov,7-Zip 24.08 (x64),24.08,Igor Pavlov,7-Zip,24.08,,2026-07-29,2026-09-30,noise
NSM-WS-005,Notepad++ Team,Notepad++ (64-bit x64),8.7.1,Notepad++ Team,Notepad++,8.7.1,,2026-03-25,2026-09-25,noise
NSM-WS-006,Google,Google Chrome,130.0.6723.117,Google,Chrome,130.0.6723.117,,2026-07-06,2026-09-26,noise
NSM-WS-006,Igor Pavlov,7-Zip 24.08 (x64),24.08,Igor Pavlov,7-Zip,24.08,,2026-02-17,2026-09-21,noise
NSM-WS-006,Notepad++ Team,Notepad++ (64-bit x64),8.7.1,Notepad++ Team,Notepad++,8.7.1,,2026-06-28,2026-09-30,noise
NSM-WS-007,Google,Google Chrome,130.0.6723.117,Google,Chrome,130.0.6723.117,,2026-04-13,2026-09-21,noise
NSM-WS-007,Igor Pavlov,7-Zip 24.08 (x64),24.08,Igor Pavlov,7-Zip,24.08,,2026-04-01,2026-09-30,noise
NSM-WS-007,Notepad++ Team,Notepad++ (64-bit x64),8.7.1,Notepad++ Team,Notepad++,8.7.1,,2025-12-23,2026-09-30,noise
NSM-WS-008,Google,Google Chrome,130.0.6723.117,Google,Chrome,130.0.6723.117,,2026-08-26,2026-09-22,noise
NSM-WS-008,Igor Pavlov,7-Zip 24.08 (x64),24.08,Igor Pavlov,7-Zip,24.08,,2026-05-16,2026-09-24,noise
NSM-WS-008,Notepad++ Team,Notepad++ (64-bit x64),8.7.1,Notepad++ Team,Notepad++,8.7.1,,2025-12-27,2026-09-29,noise
NSM-WS-009,Google,Google Chrome,130.0.6723.117,Google,Chrome,130.0.6723.117,,2026-07-20,2026-09-22,noise
NSM-WS-009,Igor Pavlov,7-Zip 24.08 (x64),24.08,Igor Pavlov,7-Zip,24.08,,2026-03-12,2026-09-27,noise
NSM-WS-009,Notepad++ Team,Notepad++ (64-bit x64),8.7.1,Notepad++ Team,Notepad++,8.7.1,,2026-06-21,2026-09-24,noise
NSM-WS-010,Google,Google Chrome,130.0.6723.117,Google,Chrome,130.0.6723.117,,2026-07-08,2026-09-30,noise
NSM-WS-010,Igor Pavlov,7-Zip 24.08 (x64),24.08,Igor Pavlov,7-Zip,24.08,,2026-04-04,2026-09-23,noise
NSM-WS-010,Notepad++ Team,Notepad++ (64-bit x64),8.7.1,Notepad++ Team,Notepad++,8.7.1,,2026-07-09,2026-09-26,noise
NSM-WS-011,Google,Google Chrome,130.0.6723.117,Google,Chrome,130.0.6723.117,,2026-05-29,2026-09-30,noise
NSM-WS-011,Igor Pavlov,7-Zip 24.08 (x64),24.08,Igor Pavlov,7-Zip,24.08,,2026-03-09,2026-09-25,noise
NSM-WS-011,Notepad++ Team,Notepad++ (64-bit x64),8.7.1,Notepad++ Team,Notepad++,8.7.1,,2026-07-25,2026-09-26,noise
NSM-WS-012,Google,Google Chrome,130.0.6723.117,Google,Chrome,130.0.6723.117,,2026-03-27,2026-09-21,noise
NSM-WS-012,Igor Pavlov,7-Zip 24.08 (x64),24.08,Igor Pavlov,7-Zip,24.08,,2026-01-08,2026-09-23,noise
NSM-WS-012,Notepad++ Team,Notepad++ (64-bit x64),8.7.1,Notepad++ Team,Notepad++,8.7.1,,2026-06-16,2026-09-27,noise
NSM-WS-013,Google,Google Chrome,130.0.6723.117,Google,Chrome,130.0.6723.117,,2026-06-28,2026-10-01,noise
NSM-WS-013,Igor Pavlov,7-Zip 24.08 (x64),24.08,Igor Pavlov,7-Zip,24.08,,2026-02-10,2026-09-26,noise
NSM-WS-013,Notepad++ Team,Notepad++ (64-bit x64),8.7.1,Notepad++ Team,Notepad++,8.7.1,,2026-04-29,2026-09-24,noise
NSM-WS-014,Google,Google Chrome,130.0.6723.117,Google,Chrome,130.0.6723.117,,2026-06-11,2026-09-28,noise
NSM-WS-014,Igor Pavlov,7-Zip 24.08 (x64),24.08,Igor Pavlov,7-Zip,24.08,,2026-07-19,2026-09-26,noise
NSM-WS-014,Notepad++ Team,Notepad++ (64-bit x64),8.7.1,Notepad++ Team,Notepad++,8.7.1,,2025-12-16,2026-09-28,noise
NSM-WS-015,Google,Google Chrome,130.0.6723.117,Google,Chrome,130.0.6723.117,,2026-02-24,2026-09-23,noise
NSM-WS-015,Igor Pavlov,7-Zip 24.08 (x64),24.08,Igor Pavlov,7-Zip,24.08,,2026-03-06,2026-09-21,noise
NSM-WS-015,Notepad++ Team,Notepad++ (64-bit x64),8.7.1,Notepad++ Team,Notepad++,8.7.1,,2026-02-28,2026-10-01,noise
NSM-WS-016,Google,Google Chrome,130.0.6723.117,Google,Chrome,130.0.6723.117,,2026-03-13,2026-09-22,noise
NSM-WS-016,Igor Pavlov,7-Zip 24.08 (x64),24.08,Igor Pavlov,7-Zip,24.08,,2026-07-29,2026-09-22,noise
NSM-WS-016,Notepad++ Team,Notepad++ (64-bit x64),8.7.1,Notepad++ Team,Notepad++,8.7.1,,2026-03-29,2026-09-27,noise
NSM-WS-017,Google,Google Chrome,130.0.6723.117,Google,Chrome,130.0.6723.117,,2026-04-01,2026-09-24,noise
NSM-WS-017,Igor Pavlov,7-Zip 24.08 (x64),24.08,Igor Pavlov,7-Zip,24.08,,2026-03-06,2026-09-26,noise
NSM-WS-017,Notepad++ Team,Notepad++ (64-bit x64),8.7.1,Notepad++ Team,Notepad++,8.7.1,,2026-01-25,2026-10-01,noise
NSM-WS-018,Google,Google Chrome,130.0.6723.117,Google,Chrome,130.0.6723.117,,2026-06-04,2026-09-26,noise
NSM-WS-018,Igor Pavlov,7-Zip 24.08 (x64),24.08,Igor Pavlov,7-Zip,24.08,,2026-03-26,2026-09-24,noise
NSM-WS-018,Notepad++ Team,Notepad++ (64-bit x64),8.7.1,Notepad++ Team,Notepad++,8.7.1,,2026-06-12,2026-09-30,noise
NSM-WS-019,Google,Google Chrome,130.0.6723.117,Google,Chrome,130.0.6723.117,,2026-04-11,2026-09-29,noise
NSM-WS-019,Igor Pavlov,7-Zip 24.08 (x64),24.08,Igor Pavlov,7-Zip,24.08,,2026-01-07,2026-09-30,noise
NSM-WS-019,Notepad++ Team,Notepad++ (64-bit x64),8.7.1,Notepad++ Team,Notepad++,8.7.1,,2026-04-24,2026-09-30,noise
NSM-WS-020,Google,Google Chrome,130.0.6723.117,Google,Chrome,130.0.6723.117,,2026-02-15,2026-09-23,noise
NSM-WS-020,Igor Pavlov,7-Zip 24.08 (x64),24.08,Igor Pavlov,7-Zip,24.08,,2026-03-05,2026-09-28,noise
NSM-WS-020,Notepad++ Team,Notepad++ (64-bit x64),8.7.1,Notepad++ Team,Notepad++,8.7.1,,2026-04-08,2026-09-21,noise
NSM-WS-021,Google,Google Chrome,130.0.6723.117,Google,Chrome,130.0.6723.117,,2026-08-23,2026-09-24,noise
NSM-WS-021,Igor Pavlov,7-Zip 24.08 (x64),24.08,Igor Pavlov,7-Zip,24.08,,2026-04-15,2026-09-28,noise
NSM-WS-021,Notepad++ Team,Notepad++ (64-bit x64),8.7.1,Notepad++ Team,Notepad++,8.7.1,,2026-08-06,2026-09-23,noise
NSM-WS-022,Google,Google Chrome,130.0.6723.117,Google,Chrome,130.0.6723.117,,2026-08-28,2026-09-25,noise
NSM-WS-022,Igor Pavlov,7-Zip 24.08 (x64),24.08,Igor Pavlov,7-Zip,24.08,,2026-04-29,2026-09-29,noise
NSM-WS-022,Notepad++ Team,Notepad++ (64-bit x64),8.7.1,Notepad++ Team,Notepad++,8.7.1,,2026-02-11,2026-10-01,noise
NSM-WS-023,Google,Google Chrome,130.0.6723.117,Google,Chrome,130.0.6723.117,,2026-08-01,2026-09-30,noise
NSM-WS-023,Igor Pavlov,7-Zip 24.08 (x64),24.08,Igor Pavlov,7-Zip,24.08,,2026-07-09,2026-09-24,noise
NSM-WS-023,Notepad++ Team,Notepad++ (64-bit x64),8.7.1,Notepad++ Team,Notepad++,8.7.1,,2026-04-30,2026-09-26,noise
NSM-WS-024,Google,Google Chrome,130.0.6723.117,Google,Chrome,130.0.6723.117,,2026-03-11,2026-09-22,noise
NSM-WS-024,Igor Pavlov,7-Zip 24.08 (x64),24.08,Igor Pavlov,7-Zip,24.08,,2026-06-21,2026-09-21,noise
NSM-WS-024,Notepad++ Team,Notepad++ (64-bit x64),8.7.1,Notepad++ Team,Notepad++,8.7.1,,2026-06-29,2026-10-01,noise
NSM-WS-025,Google,Google Chrome,130.0.6723.117,Google,Chrome,130.0.6723.117,,2026-03-20,2026-09-29,noise
NSM-WS-025,Igor Pavlov,7-Zip 24.08 (x64),24.08,Igor Pavlov,7-Zip,24.08,,2026-05-09,2026-09-24,noise
NSM-WS-025,Notepad++ Team,Notepad++ (64-bit x64),8.7.1,Notepad++ Team,Notepad++,8.7.1,,2026-04-01,2026-09-25,noise
NSM-WS-026,Google,Google Chrome,130.0.6723.117,Google,Chrome,130.0.6723.117,,2026-01-09,2026-09-26,noise
NSM-WS-026,Igor Pavlov,7-Zip 24.08 (x64),24.08,Igor Pavlov,7-Zip,24.08,,2026-08-02,2026-09-26,noise
NSM-WS-026,Notepad++ Team,Notepad++ (64-bit x64),8.7.1,Notepad++ Team,Notepad++,8.7.1,,2026-05-10,2026-09-25,noise
NSM-WS-027,Google,Google Chrome,130.0.6723.117,Google,Chrome,130.0.6723.117,,2025-12-19,2026-09-24,noise
NSM-WS-027,Igor Pavlov,7-Zip 24.08 (x64),24.08,Igor Pavlov,7-Zip,24.08,,2026-03-10,2026-09-24,noise
NSM-WS-027,Notepad++ Team,Notepad++ (64-bit x64),8.7.1,Notepad++ Team,Notepad++,8.7.1,,2026-07-23,2026-09-29,noise
NSM-WS-028,Google,Google Chrome,130.0.6723.117,Google,Chrome,130.0.6723.117,,2026-06-25,2026-09-21,noise
NSM-WS-028,Igor Pavlov,7-Zip 24.08 (x64),24.08,Igor Pavlov,7-Zip,24.08,,2026-07-11,2026-09-27,noise
NSM-WS-028,Notepad++ Team,Notepad++ (64-bit x64),8.7.1,Notepad++ Team,Notepad++,8.7.1,,2026-05-05,2026-09-23,noise
NSM-WS-029,Google,Google Chrome,130.0.6723.117,Google,Chrome,130.0.6723.117,,2026-03-10,2026-10-01,noise
NSM-WS-029,Igor Pavlov,7-Zip 24.08 (x64),24.08,Igor Pavlov,7-Zip,24.08,,2025-12-10,2026-09-29,noise
NSM-WS-029,Notepad++ Team,Notepad++ (64-bit x64),8.7.1,Notepad++ Team,Notepad++,8.7.1,,2026-01-23,2026-09-23,noise
NSM-WS-030,Google,Google Chrome,130.0.6723.117,Google,Chrome,130.0.6723.117,,2026-08-06,2026-09-22,noise
NSM-WS-030,Igor Pavlov,7-Zip 24.08 (x64),24.08,Igor Pavlov,7-Zip,24.08,,2026-02-19,2026-09-24,noise
NSM-WS-030,Notepad++ Team,Notepad++ (64-bit x64),8.7.1,Notepad++ Team,Notepad++,8.7.1,,2026-06-04,2026-09-26,noise
NSM-WS-031,Google,Google Chrome,130.0.6723.117,Google,Chrome,130.0.6723.117,,2026-06-19,2026-09-25,noise
NSM-WS-031,Igor Pavlov,7-Zip 24.08 (x64),24.08,Igor Pavlov,7-Zip,24.08,,2026-05-10,2026-10-01,noise
NSM-WS-031,Notepad++ Team,Notepad++ (64-bit x64),8.7.1,Notepad++ Team,Notepad++,8.7.1,,2026-06-26,2026-09-22,noise
NSM-WS-032,Google,Google Chrome,130.0.6723.117,Google,Chrome,130.0.6723.117,,2026-06-14,2026-09-27,noise
NSM-WS-032,Igor Pavlov,7-Zip 24.08 (x64),24.08,Igor Pavlov,7-Zip,24.08,,2026-04-23,2026-09-29,noise
NSM-WS-032,Notepad++ Team,Notepad++ (64-bit x64),8.7.1,Notepad++ Team,Notepad++,8.7.1,,2026-03-17,2026-09-25,noise
NSM-WS-033,Google,Google Chrome,130.0.6723.117,Google,Chrome,130.0.6723.117,,2026-04-08,2026-09-25,noise
NSM-WS-033,Igor Pavlov,7-Zip 24.08 (x64),24.08,Igor Pavlov,7-Zip,24.08,,2026-08-20,2026-09-27,noise
NSM-WS-033,Notepad++ Team,Notepad++ (64-bit x64),8.7.1,Notepad++ Team,Notepad++,8.7.1,,2026-02-01,2026-09-26,noise
NSM-WS-034,Google,Google Chrome,130.0.6723.117,Google,Chrome,130.0.6723.117,,2026-07-16,2026-09-24,noise
NSM-WS-034,Igor Pavlov,7-Zip 24.08 (x64),24.08,Igor Pavlov,7-Zip,24.08,,2026-03-07,2026-09-22,noise
NSM-WS-034,Notepad++ Team,Notepad++ (64-bit x64),8.7.1,Notepad++ Team,Notepad++,8.7.1,,2026-05-21,2026-09-22,noise
NSM-WS-035,Google,Google Chrome,130.0.6723.117,Google,Chrome,130.0.6723.117,,2025-12-11,2026-09-22,noise
NSM-WS-035,Igor Pavlov,7-Zip 24.08 (x64),24.08,Igor Pavlov,7-Zip,24.08,,2026-07-25,2026-09-29,noise
NSM-WS-035,Notepad++ Team,Notepad++ (64-bit x64),8.7.1,Notepad++ Team,Notepad++,8.7.1,,2026-01-03,2026-09-25,noise
NSM-WS-036,Google,Google Chrome,130.0.6723.117,Google,Chrome,130.0.6723.117,,2026-05-11,2026-09-22,noise
NSM-WS-036,Igor Pavlov,7-Zip 24.08 (x64),24.08,Igor Pavlov,7-Zip,24.08,,2026-06-07,2026-09-30,noise
NSM-WS-036,Notepad++ Team,Notepad++ (64-bit x64),8.7.1,Notepad++ Team,Notepad++,8.7.1,,2026-03-18,2026-09-26,noise
NSM-WS-037,Google,Google Chrome,130.0.6723.117,Google,Chrome,130.0.6723.117,,2026-07-09,2026-09-26,noise
NSM-WS-037,Igor Pavlov,7-Zip 24.08 (x64),24.08,Igor Pavlov,7-Zip,24.08,,2026-02-05,2026-09-22,noise
NSM-WS-037,Notepad++ Team,Notepad++ (64-bit x64),8.7.1,Notepad++ Team,Notepad++,8.7.1,,2026-04-07,2026-10-01,noise
NSM-WS-038,Google,Google Chrome,130.0.6723.117,Google,Chrome,130.0.6723.117,,2026-03-10,2026-10-01,noise
NSM-WS-038,Igor Pavlov,7-Zip 24.08 (x64),24.08,Igor Pavlov,7-Zip,24.08,,2026-04-03,2026-09-21,noise
NSM-WS-038,Notepad++ Team,Notepad++ (64-bit x64),8.7.1,Notepad++ Team,Notepad++,8.7.1,,2026-07-15,2026-09-27,noise
NSM-WS-039,Google,Google Chrome,130.0.6723.117,Google,Chrome,130.0.6723.117,,2026-07-07,2026-09-22,noise
NSM-WS-039,Igor Pavlov,7-Zip 24.08 (x64),24.08,Igor Pavlov,7-Zip,24.08,,2026-08-16,2026-09-30,noise
NSM-WS-039,Notepad++ Team,Notepad++ (64-bit x64),8.7.1,Notepad++ Team,Notepad++,8.7.1,,2026-05-28,2026-09-23,noise
NSM-WS-040,Google,Google Chrome,130.0.6723.117,Google,Chrome,130.0.6723.117,,2026-06-09,2026-09-22,noise
NSM-WS-040,Igor Pavlov,7-Zip 24.08 (x64),24.08,Igor Pavlov,7-Zip,24.08,,2026-08-04,2026-09-26,noise
NSM-WS-040,Notepad++ Team,Notepad++ (64-bit x64),8.7.1,Notepad++ Team,Notepad++,8.7.1,,2026-02-28,2026-09-28,noise
NSM-WS-041,Google,Google Chrome,130.0.6723.117,Google,Chrome,130.0.6723.117,,2025-12-17,2026-09-27,noise
NSM-WS-041,Igor Pavlov,7-Zip 24.08 (x64),24.08,Igor Pavlov,7-Zip,24.08,,2026-05-25,2026-09-22,noise
NSM-WS-041,Notepad++ Team,Notepad++ (64-bit x64),8.7.1,Notepad++ Team,Notepad++,8.7.1,,2025-12-20,2026-09-29,noise
NSM-WS-042,Google,Google Chrome,130.0.6723.117,Google,Chrome,130.0.6723.117,,2026-09-01,2026-09-23,noise
NSM-WS-042,Igor Pavlov,7-Zip 24.08 (x64),24.08,Igor Pavlov,7-Zip,24.08,,2026-07-17,2026-09-23,noise
NSM-WS-042,Notepad++ Team,Notepad++ (64-bit x64),8.7.1,Notepad++ Team,Notepad++,8.7.1,,2026-02-17,2026-09-21,noise
NSM-WS-043,Google,Google Chrome,130.0.6723.117,Google,Chrome,130.0.6723.117,,2026-03-22,2026-09-27,noise
NSM-WS-043,Igor Pavlov,7-Zip 24.08 (x64),24.08,Igor Pavlov,7-Zip,24.08,,2026-05-18,2026-09-30,noise
NSM-WS-043,Notepad++ Team,Notepad++ (64-bit x64),8.7.1,Notepad++ Team,Notepad++,8.7.1,,2026-05-08,2026-10-01,noise
NSM-WS-044,Google,Google Chrome,130.0.6723.117,Google,Chrome,130.0.6723.117,,2026-04-06,2026-09-29,noise
NSM-WS-044,Igor Pavlov,7-Zip 24.08 (x64),24.08,Igor Pavlov,7-Zip,24.08,,2026-02-01,2026-09-25,noise
NSM-WS-044,Notepad++ Team,Notepad++ (64-bit x64),8.7.1,Notepad++ Team,Notepad++,8.7.1,,2026-03-23,2026-09-30,noise
NSM-WS-045,Google,Google Chrome,130.0.6723.117,Google,Chrome,130.0.6723.117,,2026-03-01,2026-09-22,noise
NSM-WS-045,Igor Pavlov,7-Zip 24.08 (x64),24.08,Igor Pavlov,7-Zip,24.08,,2026-04-29,2026-09-28,noise
NSM-WS-045,Notepad++ Team,Notepad++ (64-bit x64),8.7.1,Notepad++ Team,Notepad++,8.7.1,,2026-04-04,2026-09-29,noise
