user_name,first_name,last_name,email,title,department,location,company,active,employee_number
anna.bakker,Anna,Bakker,anna.bakker@northstar-mfg.example,Engineer,Finance,Northstar Plant North,Northstar Manufacturing,true,NSM0001
bram.bos,Bram,Bos,bram.bos@northstar-mfg.example,Specialist,Operations,Northstar Plant South,Northstar Manufacturing,true,NSM0002
carla.dewit,Carla,de Wit,carla.dewit@northstar-mfg.example,Specialist,Sales,Northstar HQ,Northstar Manufacturing,true,NSM0003
daan.jacobs,Daan,Jacobs,daan.jacobs@northstar-mfg.example,Planner,IT,Northstar Plant North,Northstar Manufacturing,true,NSM0004
eva.prins,Eva,Prins,eva.prins@northstar-mfg.example,Planner,Human Resources,Northstar Plant South,Northstar Manufacturing,true,NSM0005
finn.deboer,Finn,de Boer,finn.deboer@northstar-mfg.example,Coordinator,Engineering,Northstar HQ,Northstar Manufacturing,true,NSM0006
greta.dekker,Greta,Dekker,greta.dekker@northstar-mfg.example,Coordinator,Finance,Northstar Plant North,Northstar Manufacturing,true,NSM0007
hugo.vanderlinden,Hugo,van der Linden,hugo.vanderlinden@northstar-mfg.example,Team Lead,Operations,Northstar Plant South,Northstar Manufacturing,true,NSM0008
iris.willems,Iris,Willems,iris.willems@northstar-mfg.example,Analyst,Sales,Northstar HQ,Northstar Manufacturing,true,NSM0009
jonas.smit,Jonas,Smit,jonas.smit@northstar-mfg.example,Planner,IT,Northstar Plant North,Northstar Manufacturing,true,NSM0010
kira.hendriks,Kira,Hendriks,kira.hendriks@northstar-mfg.example,Engineer,Human Resources,Northstar Plant South,Northstar Manufacturing,true,NSM0011
lars.degraaf,Lars,de Graaf,lars.degraaf@northstar-mfg.example,Engineer,Engineering,Northstar HQ,Northstar Manufacturing,true,NSM0012
mila.vandenberg,Mila,van den Berg,mila.vandenberg@northstar-mfg.example,Coordinator,Finance,Northstar Plant North,Northstar Manufacturing,true,NSM0013
noah.jansen,Noah,Jansen,noah.jansen@northstar-mfg.example,Analyst,Operations,Northstar Plant South,Northstar Manufacturing,true,NSM0014
olga.vos,Olga,Vos,olga.vos@northstar-mfg.example,Coordinator,Sales,Northstar HQ,Northstar Manufacturing,true,NSM0015
pieter.dijkstra,Pieter,Dijkstra,pieter.dijkstra@northstar-mfg.example,Engineer,IT,Northstar Plant North,Northstar Manufacturing,true,NSM0016
quinn.dehaan,Quinn,de Haan,quinn.dehaan@northstar-mfg.example,Analyst,Human Resources,Northstar Plant South,Northstar Manufacturing,true,NSM0017
rosa.blom,Rosa,Blom,rosa.blom@northstar-mfg.example,Engineer,Engineering,Northstar HQ,Northstar Manufacturing,true,NSM0018
sven.mulder,Sven,Mulder,sven.mulder@northstar-mfg.example,Team Lead,Finance,Northstar Plant North,Northstar Manufacturing,true,NSM0019
tess.brouwer,Tess,Brouwer,tess.brouwer@northstar-mfg.example,Team Lead,Operations,Northstar Plant South,Northstar Manufacturing,true,NSM0020
umar.kok,Umar,Kok,umar.kok@northstar-mfg.example,Engineer,Sales,Northstar HQ,Northstar Manufacturing,true,NSM0021
vera.koster,Vera,Koster,vera.koster@northstar-mfg.example,Specialist,IT,Northstar Plant North,Northstar Manufacturing,true,NSM0022
wout.meijer,Wout,Meijer,wout.meijer@northstar-mfg.example,Engineer,Human Resources,Northstar Plant South,Northstar Manufacturing,true,NSM0023
xena.vandijk,Xena,van Dijk,xena.vandijk@northstar-mfg.example,Planner,Engineering,Northstar HQ,Northstar Manufacturing,true,NSM0024
yara.vandermeer,Yara,van der Meer,yara.vandermeer@northstar-mfg.example,Specialist,Finance,Northstar Plant North,Northstar Manufacturing,true,NSM0025
zoe.vanleeuwen,Zoe,van Leeuwen,zoe.vanleeuwen@northstar-mfg.example,Specialist,Operations,Northstar Plant South,Northstar Manufacturing,true,NSM0026
aiden.visser,Aiden,Visser,aiden.visser@northstar-mfg.example,Team Lead,Sales,Northstar HQ,Northstar Manufacturing,true,NSM0027
bente.peters,Bente,Peters,bente.peters@northstar-mfg.example,Engineer,IT,Northstar Plant North,Northstar Manufacturing,true,NSM0028
cas.smits,Cas,Smits,cas.smits@northstar-mfg.example,Specialist,Human Resources,Northstar Plant South,Northstar Manufacturing,true,NSM0029
dilan.vermeulen,Dilan,Vermeulen,dilan.vermeulen@northstar-mfg.example,Analyst,Engineering,Northstar HQ,Northstar Manufacturing,true,NSM0030
anna.jansen,Anna,Jansen,anna.jansen@northstar-mfg.example,Engineer,Finance,Northstar Plant North,Northstar Manufacturing,true,NSM0031
bram.vos,Bram,Vos,bram.vos@northstar-mfg.example,Planner,Operations,Northstar Plant South,Northstar Manufacturing,true,NSM0032
carla.dijkstra,Carla,Dijkstra,carla.dijkstra@northstar-mfg.example,Engineer,Sales,Northstar HQ,Northstar Manufacturing,true,NSM0033
daan.dehaan,Daan,de Haan,daan.dehaan@northstar-mfg.example,Coordinator,IT,Northstar Plant North,Northstar Manufacturing,true,NSM0034
eva.blom,Eva,Blom,eva.blom@northstar-mfg.example,Specialist,Human Resources,Northstar Plant South,Northstar Manufacturing,true,NSM0035
finn.mulder,Finn,Mulder,finn.mulder@northstar-mfg.example,Team Lead,Engineering,Northstar HQ,Northstar Manufacturing,true,NSM0036
greta.brouwer,Greta,Brouwer,greta.brouwer@northstar-mfg.example,Team Lead,Finance,Northstar Plant North,Northstar Manufacturing,true,NSM0037
hugo.kok,Hugo,Kok,hugo.kok@northstar-mfg.example,Engineer,Operations,Northstar Plant South,Northstar Manufacturing,true,NSM0038
iris.koster,Iris,Koster,iris.koster@northstar-mfg.example,Specialist,Sales,Northstar HQ,Northstar Manufacturing,true,NSM0039
jonas.meijer,Jonas,Meijer,jonas.meijer@northstar-mfg.example,Team Lead,IT,Northstar Plant North,Northstar Manufacturing,true,NSM0040
kira.vandijk,Kira,van Dijk,kira.vandijk@northstar-mfg.example,Planner,Human Resources,Northstar Plant South,Northstar Manufacturing,true,NSM0041
lars.vandermeer,Lars,van der Meer,lars.vandermeer@northstar-mfg.example,Coordinator,Engineering,Northstar HQ,Northstar Manufacturing,true,NSM0042
mila.vanleeuwen,Mila,van Leeuwen,mila.vanleeuwen@northstar-mfg.example,Coordinator,Finance,Northstar Plant North,Northstar Manufacturing,true,NSM0043
noah.visser,Noah,Visser,noah.visser@northstar-mfg.example,Analyst,Operations,Northstar Plant South,Northstar Manufacturing,true,NSM0044
olga.peters,Olga,Peters,olga.peters@northstar-mfg.example,Team Lead,Sales,Northstar HQ,Northstar Manufacturing,true,NSM0045
pieter.smits,Pieter,Smits,pieter.smits@northstar-mfg.example,Team Lead,IT,Northstar Plant North,Northstar Manufacturing,true,NSM0046
quinn.vermeulen,Quinn,Vermeulen,quinn.vermeulen@northstar-mfg.example,Planner,Human Resources,Northstar Plant South,Northstar Manufacturing,true,NSM0047
rosa.bakker,Rosa,Bakker,rosa.bakker@northstar-mfg.example,Coordinator,Engineering,Northstar HQ,Northstar Manufacturing,true,NSM0048
sven.bos,Sven,Bos,sven.bos@northstar-mfg.example,Team Lead,Finance,Northstar Plant North,Northstar Manufacturing,true,NSM0049
tess.dewit,Tess,de Wit,tess.dewit@northstar-mfg.example,Analyst,Operations,Northstar Plant South,Northstar Manufacturing,true,NSM0050
umar.jacobs,Umar,Jacobs,umar.jacobs@northstar-mfg.example,Analyst,Sales,Northstar HQ,Northstar Manufacturing,true,NSM0051
vera.prins,Vera,Prins,vera.prins@northstar-mfg.example,Coordinator,IT,Northstar Plant North,Northstar Manufacturing,true,NSM0052
wout.deboer,Wout,de Boer,wout.deboer@northstar-mfg.example,Team Lead,Human Resources,Northstar Plant South,Northstar Manufacturing,true,NSM0053
xena.dekker,Xena,Dekker,xena.dekker@northstar-mfg.example,Team Lead,Engineering,Northstar HQ,Northstar Manufacturing,true,NSM0054
yara.vanderlinden,Yara,van der Linden,yara.vanderlinden@northstar-mfg.example,Engineer,Finance,Northstar Plant North,Northstar Manufacturing,true,NSM0055
zoe.willems,Zoe,Willems,zoe.willems@northstar-mfg.example,Team Lead,Operations,Northstar Plant South,Northstar Manufacturing,true,NSM0056
aiden.smit,Aiden,Smit,aiden.smit@northstar-mfg.example,Coordinator,Sales,Northstar HQ,Northstar Manufacturing,true,NSM0057
bente.hendriks,Bente,Hendriks,bente.hendriks@northstar-mfg.example,Engineer,IT,Northstar Plant North,Northstar Manufacturing,true,NSM0058
cas.degraaf,Cas,de Graaf,cas.degraaf@northstar-mfg.example,Coordinator,Human Resources,Northstar Plant South,Northstar Manufacturing,true,NSM0059
dilan.vandenberg,Dilan,van den Berg,dilan.vandenberg@northstar-mfg.example,Coordinator,Engineering,Northstar HQ,Northstar Manufacturing,true,NSM0060
